parent_title,parent_icd,icd_title,icd_code,icd_category_aliases
Certain infectious and parasitic diseases,A00–B99,Intestinal infectious diseases,A00-A09,
Certain infectious and parasitic diseases,A00–B99,Tuberculosis,A15-A19,
Certain infectious and parasitic diseases,A00–B99,Certain zoonotic bacterial diseases,A20-A28,
Certain infectious and parasitic diseases,A00–B99,Other bacterial diseases,A30-A49,
Certain infectious and parasitic diseases,A00–B99,Infections with a predominantly sexual mode of transmission,A50-A64,
Certain infectious and parasitic diseases,A00–B99,Other spirochaetal diseases,A65-A69,
Certain infectious and parasitic diseases,A00–B99,Other diseases caused by chlamydiae,A70-A74,
Certain infectious and parasitic diseases,A00–B99,Rickettsioses,A75-A79,
Certain infectious and parasitic diseases,A00–B99,Viral infections of the central nervous system,A80-A89,
Certain infectious and parasitic diseases,A00–B99,Arthropod-borne viral fevers and viral haemorrhagic fevers,A92-A99,A90;A91
Certain infectious and parasitic diseases,A00–B99,Viral infections characterized by skin and mucous membrane lesions,B00-B09,B10
Certain infectious and parasitic diseases,A00–B99,Viral hepatitis,B15-B19,
Certain infectious and parasitic diseases,A00–B99,Human immunodeficiency virus [HIV] disease,B20-B24,
Certain infectious and parasitic diseases,A00–B99,Other viral diseases,B25-B34,
Certain infectious and parasitic diseases,A00–B99,Mycoses,B35-B49,
Certain infectious and parasitic diseases,A00–B99,Protozoal diseases,B50-B64,
Certain infectious and parasitic diseases,A00–B99,Helminthiases,B65-B83,
Certain infectious and parasitic diseases,A00–B99,"Pediculosis, acariasis and other infestations",B85-B89,
Certain infectious and parasitic diseases,A00–B99,Sequelae of infectious and parasitic diseases,B90-B94,
Certain infectious and parasitic diseases,A00–B99,"Bacterial, viral and other infectious agents",B95-B98,
Certain infectious and parasitic diseases,A00–B99,Other infectious diseases,B99,
Neoplasms,C00–D48,Malignant neoplasms,C00-C97,C7A
Neoplasms,C00–D48,"Malignant neoplasms of lip, oral cavity and pharynx",C00-C14,
Neoplasms,C00–D48,Malignant neoplasms of digestive organs,C15-C26,
Neoplasms,C00–D48,Malignant neoplasms of respiratory and intrathoracic organs,C30-C39,
Neoplasms,C00–D48,Malignant neoplasms of bone and articular cartilage,C40-C41,
Neoplasms,C00–D48,Melanoma and other malignant neoplasms of skin,C43-C44,C4A
Neoplasms,C00–D48,Malignant neoplasms of mesothelial and soft tissue,C45-C49,
Neoplasms,C00–D48,Malignant neoplasm of breast,C50,
Neoplasms,C00–D48,Malignant neoplasms of female genital organs,C51-C58,
Neoplasms,C00–D48,Malignant neoplasms of male genital organs,C60-C63,
Neoplasms,C00–D48,Malignant neoplasms of urinary tract,C64-C68,
Neoplasms,C00–D48,"Malignant neoplasms of eye, brain and other parts of central nervous system",C69-C72,
Neoplasms,C00–D48,Malignant neoplasms of thyroid and other endocrine glands,C73-C75,
Neoplasms,C00–D48,"Malignant neoplasms of ill-defined, secondary and unspecified sites",C76-C80,C7B
Neoplasms,C00–D48,"Malignant neoplasms, stated or presumed to be primary, of lymphoid, haematopoietic and related tissue",C81-C96,
Neoplasms,C00–D48,Malignant neoplasms of independent (primary) multiple sites,C97,
Neoplasms,C00–D48,In situ neoplasms,D00-D09,
Neoplasms,C00–D48,Benign neoplasms,D10-D36,D3A
Neoplasms,C00–D48,Neoplasms of uncertain or unknown behaviour,D37-D48,D49
Diseases of the blood and blood-forming organs and certain disorders involving the immune mechanism,D50–D89,Nutritional anaemias,D50-D53,
Diseases of the blood and blood-forming organs and certain disorders involving the immune mechanism,D50–D89,Haemolytic anaemias,D55-D59,
Diseases of the blood and blood-forming organs and certain disorders involving the immune mechanism,D50–D89,Aplastic and other anaemias,D60-D64,
Diseases of the blood and blood-forming organs and certain disorders involving the immune mechanism,D50–D89,"Coagulation defects, purpura and other haemorrhagic conditions",D65-D69,
Diseases of the blood and blood-forming organs and certain disorders involving the immune mechanism,D50–D89,Other diseases of blood and blood-forming organs,D70-D77,D78
Diseases of the blood and blood-forming organs and certain disorders involving the immune mechanism,D50–D89,Certain disorders involving the immune mechanism,D80-D89,
"Endocrine, nutritional and metabolic diseases",E00–E90,Disorders of thyroid gland,E00-E07,
"Endocrine, nutritional and metabolic diseases",E00–E90,Diabetes mellitus,E10-E14,E08;E09
"Endocrine, nutritional and metabolic diseases",E00–E90,Other disorders of glucose regulation and pancreatic internal secretion,E15-E16,
"Endocrine, nutritional and metabolic diseases",E00–E90,Disorders of other endocrine glands,E20-E35,E36
"Endocrine, nutritional and metabolic diseases",E00–E90,Malnutrition,E40-E46,
"Endocrine, nutritional and metabolic diseases",E00–E90,Other nutritional deficiencies,E50-E64,
"Endocrine, nutritional and metabolic diseases",E00–E90,Obesity and other hyperalimentation,E65-E68,
"Endocrine, nutritional and metabolic diseases",E00–E90,Metabolic disorders,E70-E90,
Mental and behavioural disorders,F00–F99,"Organic, including symptomatic, mental disorders",F00-F09,
Mental and behavioural disorders,F00–F99,Mental and behavioural disorders due to psychoactive substance use,F10-F19,
Mental and behavioural disorders,F00–F99,"Schizophrenia, schizotypal and delusional disorders",F20-F29,
Mental and behavioural disorders,F00–F99,Mood [affective] disorders,F30-F39,
Mental and behavioural disorders,F00–F99,"Neurotic, stress-related and somatoform disorders",F40-F48,
Mental and behavioural disorders,F00–F99,Behavioural syndromes associated with physiological disturbances and physical factors,F50-F59,
Mental and behavioural disorders,F00–F99,Disorders of adult personality and behaviour,F60-F69,
Mental and behavioural disorders,F00–F99,Mental retardation,F70-F79,
Mental and behavioural disorders,F00–F99,Disorders of psychological development,F80-F89,
Mental and behavioural disorders,F00–F99,Behavioural and emotional disorders with onset usually occurring in childhood and adolescence,F90-F98,
Mental and behavioural disorders,F00–F99,Unspecified mental disorder,F99,
Diseases of the nervous system,G00–G99,Inflammatory diseases of the central nervous system,G00-G09,
Diseases of the nervous system,G00–G99,Systemic atrophies primarily affecting the central nervous system,G10-G14,
Diseases of the nervous system,G00–G99,Extrapyramidal and movement disorders,G20-G26,
Diseases of the nervous system,G00–G99,Other degenerative diseases of the nervous system,G30-G32,
Diseases of the nervous system,G00–G99,Demyelinating diseases of the central nervous system,G35-G37,
Diseases of the nervous system,G00–G99,Episodic and paroxysmal disorders,G40-G47,
Diseases of the nervous system,G00–G99,"Nerve, nerve root and plexus disorders",G50-G59,
Diseases of the nervous system,G00–G99,Polyneuropathies and other disorders of the peripheral nervous system,G60-G64,G65
Diseases of the nervous system,G00–G99,Diseases of myoneural junction and muscle,G70-G73,
Diseases of the nervous system,G00–G99,Cerebral palsy and other paralytic syndromes,G80-G83,
Diseases of the nervous system,G00–G99,Other disorders of the nervous system,G90-G99,G89
Diseases of the eye and adnexa,H00–H59,"Disorders of eyelid, lacrimal system and orbit",H00-H06,
Diseases of the eye and adnexa,H00–H59,Disorders of conjunctiva,H10-H13,
Diseases of the eye and adnexa,H00–H59,"Disorders of sclera, cornea, iris and ciliary body",H15-H22,
Diseases of the eye and adnexa,H00–H59,Disorders of lens,H25-H28,
Diseases of the eye and adnexa,H00–H59,Disorders of choroid and retina,H30-H36,
Diseases of the eye and adnexa,H00–H59,Glaucoma,H40-H42,
Diseases of the eye and adnexa,H00–H59,Disorders of vitreous body and globe,H43-H45,
Diseases of the eye and adnexa,H00–H59,Disorders of optic nerve and visual pathways,H46-H48,
Diseases of the eye and adnexa,H00–H59,"Disorders of ocular muscles, binocular movement, accommodation and refraction",H49-H52,
Diseases of the eye and adnexa,H00–H59,Visual disturbances and blindness,H53-H54,
Diseases of the eye and adnexa,H00–H59,Other disorders of eye and adnexa,H55-H59,
Diseases of the ear and mastoid process,H60–H95,Diseases of external ear,H60-H62,
Diseases of the ear and mastoid process,H60–H95,Diseases of middle ear and mastoid,H65-H75,
Diseases of the ear and mastoid process,H60–H95,Diseases of inner ear,H80-H83,
Diseases of the ear and mastoid process,H60–H95,Other disorders of ear,H90-H95,
Diseases of the circulatory system,I00–I99,Acute rheumatic fever,I00-I02,
Diseases of the circulatory system,I00–I99,Chronic rheumatic heart diseases,I05-I09,
Diseases of the circulatory system,I00–I99,Hypertensive diseases,I10-I15,I16;I1A
Diseases of the circulatory system,I00–I99,Ischaemic heart diseases,I20-I25,
Diseases of the circulatory system,I00–I99,Pulmonary heart disease and diseases of pulmonary circulation,I26-I28,
Diseases of the circulatory system,I00–I99,Other forms of heart disease,I30-I52,I5A
Diseases of the circulatory system,I00–I99,Cerebrovascular diseases,I60-I69,
Diseases of the circulatory system,I00–I99,"Diseases of arteries, arterioles and capillaries",I70-I79,
Diseases of the circulatory system,I00–I99,"Diseases of veins, lymphatic vessels and lymph nodes, not elsewhere classified",I80-I89,
Diseases of the circulatory system,I00–I99,Other and unspecified disorders of the circulatory system,I95-I99,
Diseases of the respiratory system,J00–J99,Acute upper respiratory infections,J00-J06,
Diseases of the respiratory system,J00–J99,Influenza and pneumonia,J09-J18,
Diseases of the respiratory system,J00–J99,Other acute lower respiratory infections,J20-J22,
Diseases of the respiratory system,J00–J99,Other diseases of upper respiratory tract,J30-J39,
Diseases of the respiratory system,J00–J99,Chronic lower respiratory diseases,J40-J47,J4A
Diseases of the respiratory system,J00–J99,Lung diseases due to external agents,J60-J70,
Diseases of the respiratory system,J00–J99,Other respiratory diseases principally affecting the interstitium,J80-J84,
Diseases of the respiratory system,J00–J99,Suppurative and necrotic conditions of lower respiratory tract,J85-J86,
Diseases of the respiratory system,J00–J99,Other diseases of pleura,J90-J94,
Diseases of the respiratory system,J00–J99,Other diseases of the respiratory system,J95-J99,
Diseases of the digestive system,K00–K93,"Diseases of oral cavity, salivary glands and jaws",K00-K14,M26;M27
Diseases of the digestive system,K00–K93,"Diseases of oesophagus, stomach and duodenum",K20-K31,
Diseases of the digestive system,K00–K93,Diseases of appendix,K35-K38,
Diseases of the digestive system,K00–K93,Hernia,K40-K46,
Diseases of the digestive system,K00–K93,Noninfective enteritis and colitis,K50-K52,
Diseases of the digestive system,K00–K93,Other diseases of intestines,K55-K64,
Diseases of the digestive system,K00–K93,Diseases of peritoneum,K65-K67,K68
Diseases of the digestive system,K00–K93,Diseases of liver,K70-K77,
Diseases of the digestive system,K00–K93,"Disorders of gallbladder, biliary tract and pancreas",K80-K87,
Diseases of the digestive system,K00–K93,Other diseases of the digestive system,K90-K93,K94;K95
Diseases of the skin and subcutaneous tissue,L00–L99,Infections of the skin and subcutaneous tissue,L00-L08,
Diseases of the skin and subcutaneous tissue,L00–L99,Bullous disorders,L10-L14,
Diseases of the skin and subcutaneous tissue,L00–L99,Dermatitis and eczema,L20-L30,
Diseases of the skin and subcutaneous tissue,L00–L99,Papulosquamous disorders,L40-L45,
Diseases of the skin and subcutaneous tissue,L00–L99,Urticaria and erythema,L50-L54,L49
Diseases of the skin and subcutaneous tissue,L00–L99,Radiation-related disorders of the skin and subcutaneous tissue,L55-L59,
Diseases of the skin and subcutaneous tissue,L00–L99,Disorders of skin appendages,L60-L75,
Diseases of the skin and subcutaneous tissue,L00–L99,Other disorders of the skin and subcutaneous tissue,L80-L99,L76
Diseases of the musculoskeletal system and connective tissue,M00–M99,Arthropathies,M00-M25,
Diseases of the musculoskeletal system and connective tissue,M00–M99,Infectious arthropathies,M00-M03,
Diseases of the musculoskeletal system and connective tissue,M00–M99,Inflammatory polyarthropathies,M05-M14,M1A
Diseases of the musculoskeletal system and connective tissue,M00–M99,Arthrosis,M15-M19,
Diseases of the musculoskeletal system and connective tissue,M00–M99,Other joint disorders,M20-M25,
Diseases of the musculoskeletal system and connective tissue,M00–M99,Systemic connective tissue disorders,M30-M36,
Diseases of the musculoskeletal system and connective tissue,M00–M99,Dorsopathies,M40-M54,
Diseases of the musculoskeletal system and connective tissue,M00–M99,Deforming dorsopathies,M40-M43,
Diseases of the musculoskeletal system and connective tissue,M00–M99,Spondylopathies,M45-M49,
Diseases of the musculoskeletal system and connective tissue,M00–M99,Other dorsopathies,M50-M54,
Diseases of the musculoskeletal system and connective tissue,M00–M99,Soft tissue disorders,M60-M79,
Diseases of the musculoskeletal system and connective tissue,M00–M99,Disorders of muscles,M60-M63,
Diseases of the musculoskeletal system and connective tissue,M00–M99,Disorders of synovium and tendon,M65-M68,
Diseases of the musculoskeletal system and connective tissue,M00–M99,Other soft tissue disorders,M70-M79,
Diseases of the musculoskeletal system and connective tissue,M00–M99,Osteopathies and chondropathies,M80-M94,
Diseases of the musculoskeletal system and connective tissue,M00–M99,Disorders of bone density and structure,M80-M85,
Diseases of the musculoskeletal system and connective tissue,M00–M99,Other osteopathies,M86-M90,
Diseases of the musculoskeletal system and connective tissue,M00–M99,Chondropathies,M91-M94,
Diseases of the musculoskeletal system and connective tissue,M00–M99,Other disorders of the musculoskeletal system and connective tissue,M95-M99,
Diseases of the genitourinary system,N00–N99,Glomerular diseases,N00-N08,
Diseases of the genitourinary system,N00–N99,Renal tubulo-interstitial diseases,N10-N16,
Diseases of the genitourinary system,N00–N99,Renal failure,N17-N19,
Diseases of the genitourinary system,N00–N99,Urolithiasis,N20-N23,
Diseases of the genitourinary system,N00–N99,Other disorders of kidney and ureter,N25-N29,
Diseases of the genitourinary system,N00–N99,Other diseases of urinary system,N30-N39,
Diseases of the genitourinary system,N00–N99,Diseases of male genital organs,N40-N51,N52;N53
Diseases of the genitourinary system,N00–N99,Disorders of breast,N60-N64,N65
Diseases of the genitourinary system,N00–N99,Inflammatory diseases of female pelvic organs,N70-N77,
Diseases of the genitourinary system,N00–N99,Noninflammatory disorders of female genital tract,N80-N98,
Diseases of the genitourinary system,N00–N99,Other disorders of the genitourinary system,N99,
"Pregnancy, childbirth and the puerperium",O00–O99,Pregnancy with abortive outcome,O00-O08,
"Pregnancy, childbirth and the puerperium",O00–O99,childbirth and the puerperium,O10-O16,
"Pregnancy, childbirth and the puerperium",O00–O99,Other maternal disorders predominantly related to pregnancy,O20-O29,
"Pregnancy, childbirth and the puerperium",O00–O99,Maternal care related to the fetus and amniotic cavity and possible delivery problems,O30-O48,
"Pregnancy, childbirth and the puerperium",O00–O99,Complications of labour and delivery,O60-O75,O76;O77
"Pregnancy, childbirth and the puerperium",O00–O99,Delivery,O80-O84,
"Pregnancy, childbirth and the puerperium",O00–O99,Complications predominantly related to the puerperium,O85-O92,
"Pregnancy, childbirth and the puerperium",O00–O99,"Other obstetric conditions, not elsewhere classified",O94-O99,O9A
Certain conditions originating in the perinatal period,P00–P96,"Fetus and newborn affected by maternal factors and by complications of pregnancy, labour and delivery",P00-P04,
Certain conditions originating in the perinatal period,P00–P96,Disorders related to length of gestation and fetal growth,P05-P08,
Certain conditions originating in the perinatal period,P00–P96,Birth trauma,P10-P15,
Certain conditions originating in the perinatal period,P00–P96,Respiratory and cardiovascular disorders specific to the perinatal period,P20-P29,P19
Certain conditions originating in the perinatal period,P00–P96,Infections specific to the perinatal period,P35-P39,
Certain conditions originating in the perinatal period,P00–P96,Haemorrhagic and haematological disorders of fetus and newborn,P50-P61,
Certain conditions originating in the perinatal period,P00–P96,Transitory endocrine and metabolic disorders specific to fetus and newborn,P70-P74,
Certain conditions originating in the perinatal period,P00–P96,Digestive system disorders of fetus and newborn,P75-P78,
Certain conditions originating in the perinatal period,P00–P96,Conditions involving the integument and temperature regulation of fetus and newborn,P80-P83,
Certain conditions originating in the perinatal period,P00–P96,Other disorders originating in the perinatal period,P90-P96,P09;P84
"Congenital malformations, deformations and chromosomal abnormalities",Q00–Q99,Congenital malformations of the nervous system,Q00-Q07,
"Congenital malformations, deformations and chromosomal abnormalities",Q00–Q99,"Congenital malformations of eye, ear, face and neck",Q10-Q18,
"Congenital malformations, deformations and chromosomal abnormalities",Q00–Q99,Congenital malformations of the circulatory system,Q20-Q28,
"Congenital malformations, deformations and chromosomal abnormalities",Q00–Q99,Congenital malformations of the respiratory system,Q30-Q34,
"Congenital malformations, deformations and chromosomal abnormalities",Q00–Q99,Cleft lip and cleft palate,Q35-Q37,
"Congenital malformations, deformations and chromosomal abnormalities",Q00–Q99,Other congenital malformations of the digestive system,Q38-Q45,
"Congenital malformations, deformations and chromosomal abnormalities",Q00–Q99,Congenital malformations of genital organs,Q50-Q56,
"Congenital malformations, deformations and chromosomal abnormalities",Q00–Q99,Congenital malformations of the urinary system,Q60-Q64,
"Congenital malformations, deformations and chromosomal abnormalities",Q00–Q99,Congenital malformations and deformations of the musculoskeletal system,Q65-Q79,
"Congenital malformations, deformations and chromosomal abnormalities",Q00–Q99,Other congenital malformations,Q80-Q89,
"Congenital malformations, deformations and chromosomal abnormalities",Q00–Q99,"Chromosomal abnormalities, not elsewhere classified",Q90-Q99,QA0
"Symptoms, signs and abnormal clinical and laboratory findings, not elsewhere classified",R00–R99,Symptoms and signs involving the circulatory and respiratory systems,R00-R09,
"Symptoms, signs and abnormal clinical and laboratory findings, not elsewhere classified",R00–R99,Symptoms and signs involving the digestive system and abdomen,R10-R19,
"Symptoms, signs and abnormal clinical and laboratory findings, not elsewhere classified",R00–R99,Symptoms and signs involving the skin and subcutaneous tissue,R20-R23,
"Symptoms, signs and abnormal clinical and laboratory findings, not elsewhere classified",R00–R99,Symptoms and signs involving the nervous and musculoskeletal systems,R25-R29,
"Symptoms, signs and abnormal clinical and laboratory findings, not elsewhere classified",R00–R99,Symptoms and signs involving the urinary system,R30-R39,
"Symptoms, signs and abnormal clinical and laboratory findings, not elsewhere classified",R00–R99,"Symptoms and signs involving cognition, perception, emotional state and behaviour",R40-R46,
"Symptoms, signs and abnormal clinical and laboratory findings, not elsewhere classified",R00–R99,Symptoms and signs involving speech and voice,R47-R49,
"Symptoms, signs and abnormal clinical and laboratory findings, not elsewhere classified",R00–R99,General symptoms and signs,R50-R69,
"Symptoms, signs and abnormal clinical and laboratory findings, not elsewhere classified",R00–R99,"Abnormal findings on examination of blood, without diagnosis",R70-R79,
"Symptoms, signs and abnormal clinical and laboratory findings, not elsewhere classified",R00–R99,"Abnormal findings on examination of urine, without diagnosis",R80-R82,
"Symptoms, signs and abnormal clinical and laboratory findings, not elsewhere classified",R00–R99,"Abnormal findings on examination of other body fluids, substances and tissues, without diagnosis",R83-R89,
"Symptoms, signs and abnormal clinical and laboratory findings, not elsewhere classified",R00–R99,"Abnormal findings on diagnostic imaging and in function studies, without diagnosis",R90-R94,
"Symptoms, signs and abnormal clinical and laboratory findings, not elsewhere classified",R00–R99,Ill-defined and unknown causes of mortality,R95-R99,
"Injury, poisoning and certain other consequences of external causes",S00–T98,Injuries to the head,S00-S09,
"Injury, poisoning and certain other consequences of external causes",S00–T98,Injuries to the neck,S10-S19,
"Injury, poisoning and certain other consequences of external causes",S00–T98,Injuries to the thorax,S20-S29,
"Injury, poisoning and certain other consequences of external causes",S00–T98,"Injuries to the abdomen, lower back, lumbar spine and pelvis",S30-S39,
"Injury, poisoning and certain other consequences of external causes",S00–T98,Injuries to the shoulder and upper arm,S40-S49,
"Injury, poisoning and certain other consequences of external causes",S00–T98,Injuries to the elbow and forearm,S50-S59,
"Injury, poisoning and certain other consequences of external causes",S00–T98,Injuries to the wrist and hand,S60-S69,
"Injury, poisoning and certain other consequences of external causes",S00–T98,Injuries to the hip and thigh,S70-S79,
"Injury, poisoning and certain other consequences of external causes",S00–T98,Injuries to the knee and lower leg,S80-S89,
"Injury, poisoning and certain other consequences of external causes",S00–T98,Injuries to the ankle and foot,S90-S99,
"Injury, poisoning and certain other consequences of external causes",S00–T98,Injuries involving multiple body regions,T00-T07,
"Injury, poisoning and certain other consequences of external causes",S00–T98,"Injuries to unspecified part of trunk, limb or body region",T08-T14,
"Injury, poisoning and certain other consequences of external causes",S00–T98,Effects of foreign body entering through natural orifice,T15-T19,
"Injury, poisoning and certain other consequences of external causes",S00–T98,Burns and corrosions,T20-T32,
"Injury, poisoning and certain other consequences of external causes",S00–T98,"Burns and corrosions of external body surface, specified by site",T20-T25,
"Injury, poisoning and certain other consequences of external causes",S00–T98,Burns and corrosions confined to eye and internal organs,T26-T28,
"Injury, poisoning and certain other consequences of external causes",S00–T98,Burns and corrosions of multiple and unspecified body regions,T29-T32,
"Injury, poisoning and certain other consequences of external causes",S00–T98,Frostbite,T33-T35,
"Injury, poisoning and certain other consequences of external causes",S00–T98,"Poisoning by drugs, medicaments and biological substances",T36-T50,
"Injury, poisoning and certain other consequences of external causes",S00–T98,Toxic effects of substances chiefly nonmedicinal as to source,T51-T65,
"Injury, poisoning and certain other consequences of external causes",S00–T98,Other and unspecified effects of external causes,T66-T78,
"Injury, poisoning and certain other consequences of external causes",S00–T98,Certain early complications of trauma,T79,
"Injury, poisoning and certain other consequences of external causes",S00–T98,"Complications of surgical and medical care, not elsewhere classified",T80-T88,
"Injury, poisoning and certain other consequences of external causes",S00–T98,"Sequelae of injuries, of poisoning and of other consequences of external causes",T90-T98,
External causes of morbidity and mortality,V01–Y98,Accidents,V01-X59,
External causes of morbidity and mortality,V01–Y98,Transport accidents,V01-V99,
External causes of morbidity and mortality,V01–Y98,Pedestrian injured in transport accident,V01-V09,V00
External causes of morbidity and mortality,V01–Y98,Pedal cyclist injured in transport accident,V10-V19,
External causes of morbidity and mortality,V01–Y98,Motorcycle rider injured in transport accident,V20-V29,
External causes of morbidity and mortality,V01–Y98,Occupant of three-wheeled motor vehicle injured in transport accident,V30-V39,
External causes of morbidity and mortality,V01–Y98,Car occupant injured in transport accident,V40-V49,
External causes of morbidity and mortality,V01–Y98,Occupant of pick-up truck or van injured in transport accident,V50-V59,
External causes of morbidity and mortality,V01–Y98,Occupant of heavy transport vehicle injured in transport accident,V60-V69,
External causes of morbidity and mortality,V01–Y98,Bus occupant injured in transport accident,V70-V79,
External causes of morbidity and mortality,V01–Y98,Other land transport accidents,V80-V89,
External causes of morbidity and mortality,V01–Y98,Water transport accidents,V90-V94,
External causes of morbidity and mortality,V01–Y98,Air and space transport accidents,V95-V97,
External causes of morbidity and mortality,V01–Y98,Other and unspecified transport accidents,V98-V99,
External causes of morbidity and mortality,V01–Y98,Other external causes of accidental injury,W00-X59,
External causes of morbidity and mortality,V01–Y98,Falls,W00-W19,
External causes of morbidity and mortality,V01–Y98,Exposure to inanimate mechanical forces,W20-W49,
External causes of morbidity and mortality,V01–Y98,Exposure to animate mechanical forces,W50-W64,
External causes of morbidity and mortality,V01–Y98,Accidental drowning and submersion,W65-W74,
External causes of morbidity and mortality,V01–Y98,Other accidental threats to breathing,W75-W84,
External causes of morbidity and mortality,V01–Y98,"Exposure to electric current, radiation and extreme ambient air temperature and pressure",W85-W99,
External causes of morbidity and mortality,V01–Y98,"Exposure to smoke, fire and flames",X00-X09,
External causes of morbidity and mortality,V01–Y98,Contact with heat and hot substances,X10-X19,
External causes of morbidity and mortality,V01–Y98,Contact with venomous animals and plants,X20-X29,
External causes of morbidity and mortality,V01–Y98,Exposure to forces of nature,X30-X39,
External causes of morbidity and mortality,V01–Y98,Accidental poisoning by and exposure to noxious substances,X40-X49,
External causes of morbidity and mortality,V01–Y98,"Overexertion, travel and privation",X50-X57,
External causes of morbidity and mortality,V01–Y98,Accidental exposure to other and unspecified factors,X58-X59,
External causes of morbidity and mortality,V01–Y98,Intentional self-harm,X60-X84,
External causes of morbidity and mortality,V01–Y98,Assault,X85-Y09,
External causes of morbidity and mortality,V01–Y98,Event of undetermined intent,Y10-Y34,
External causes of morbidity and mortality,V01–Y98,Legal intervention and operations of war,Y35-Y36,Y37;Y38
External causes of morbidity and mortality,V01–Y98,Complications of medical and surgical care,Y40-Y84,
External causes of morbidity and mortality,V01–Y98,"Drugs, medicaments and biological substances causing adverse effects in therapeutic use",Y40-Y59,
External causes of morbidity and mortality,V01–Y98,Misadventures to patients during surgical and medical care,Y60-Y69,
External causes of morbidity and mortality,V01–Y98,Medical devices associated with adverse incidents in diagnostic and therapeutic use,Y70-Y82,
External causes of morbidity and mortality,V01–Y98,"Surgical and other medical procedures as the cause of abnormal reaction of the patient, or of later complication, without mention of misadventure at the time of the procedure",Y83-Y84,
External causes of morbidity and mortality,V01–Y98,Sequelae of external causes of morbidity and mortality,Y85-Y89,
External causes of morbidity and mortality,V01–Y98,Supplementary factors related to causes of morbidity and mortality classified elsewhere,Y90-Y98,Y99
Factors influencing health status and contact with health services,Z00–Z99,Persons encountering health services for examination and investigation,Z00-Z13,
Factors influencing health status and contact with health services,Z00–Z99,Persons with potential health hazards related to communicable diseases,Z20-Z29,
Factors influencing health status and contact with health services,Z00–Z99,Persons encountering health services in circumstances related to reproduction,Z30-Z39,O09;Z3A
Factors influencing health status and contact with health services,Z00–Z99,Persons encountering health services for specific procedures and health care,Z40-Z54,
Factors influencing health status and contact with health services,Z00–Z99,Persons with potential health hazards related to socioeconomic and psychosocial circumstances,Z55-Z65,
Factors influencing health status and contact with health services,Z00–Z99,Persons encountering health services in other circumstances,Z70-Z76,Z69
Factors influencing health status and contact with health services,Z00–Z99,Persons with potential health hazards related to family and personal history and certain conditions influencing health status,Z80-Z99,Z14;Z15;Z17;Z18;Z19;Z66;Z67;Z68;Z77;Z78;Z79
Codes for special purposes,U00–U99,Provisional assignment of new diseases of uncertain etiology or emergency use,U00-U49,
Codes for special purposes,U00–U99,Resistance to antimicrobial and antineoplastic drugs,U82-U85,Z16
